-- phpMyAdmin SQL Dump
-- version 5.2.0
-- https://www.phpmyadmin.net/
--
-- Host: 127.0.0.1
-- Generation Time: Mar 27, 2023 at 11:47 AM
-- Server version: 10.4.27-MariaDB
-- PHP Version: 8.0.25

SET SQL_MODE = "NO_AUTO_VALUE_ON_ZERO";
START TRANSACTION;
SET time_zone = "+00:00";


/*!40101 SET @OLD_CHARACTER_SET_CLIENT=@@CHARACTER_SET_CLIENT */;
/*!40101 SET @OLD_CHARACTER_SET_RESULTS=@@CHARACTER_SET_RESULTS */;
/*!40101 SET @OLD_COLLATION_CONNECTION=@@COLLATION_CONNECTION */;
/*!40101 SET NAMES utf8mb4 */;

--
-- Database: `capstone`
--

-- --------------------------------------------------------

--
-- Table structure for table `activity_log`
--

CREATE TABLE `activity_log` (
  `activity_log_id` int(11) NOT NULL,
  `username` varchar(100) NOT NULL,
  `date` varchar(100) NOT NULL,
  `action` varchar(100) NOT NULL
) ENGINE=InnoDB DEFAULT CHARSET=latin1 COLLATE=latin1_swedish_ci;

--
-- Dumping data for table `activity_log`
--

INSERT INTO `activity_log` (`activity_log_id`, `username`, `date`, `action`) VALUES
(1, '', '2023-03-27 14:50:20', 'Edit Subject IT001'),
(2, '', '2023-03-27 14:55:12', 'Edit Subject IT002');

-- --------------------------------------------------------

--
-- Table structure for table `answer`
--

CREATE TABLE `answer` (
  `answer_id` int(11) NOT NULL,
  `quiz_question_id` int(11) NOT NULL,
  `answer_text` varchar(100) NOT NULL,
  `choices` varchar(3) NOT NULL
) ENGINE=InnoDB DEFAULT CHARSET=latin1 COLLATE=latin1_swedish_ci;

-- --------------------------------------------------------

--
-- Table structure for table `assignment`
--

CREATE TABLE `assignment` (
  `assignment_id` int(11) NOT NULL,
  `floc` varchar(300) NOT NULL,
  `fdatein` varchar(100) NOT NULL,
  `fdesc` varchar(100) NOT NULL,
  `teacher_id` int(11) NOT NULL,
  `class_id` int(11) NOT NULL,
  `fname` varchar(100) NOT NULL
) ENGINE=InnoDB DEFAULT CHARSET=latin1 COLLATE=latin1_swedish_ci;

-- --------------------------------------------------------

--
-- Table structure for table `class`
--

CREATE TABLE `class` (
  `class_id` int(11) NOT NULL,
  `class_name` varchar(100) NOT NULL
) ENGINE=InnoDB DEFAULT CHARSET=latin1 COLLATE=latin1_swedish_ci;

--
-- Dumping data for table `class`
--

INSERT INTO `class` (`class_id`, `class_name`) VALUES
(12, '1st Year CSE'),
(13, '2nd Year CSE'),
(14, '3rd Year CSE'),
(15, '4th Year CSE'),
(25, '1st Year IT'),
(26, '2nd Year IT'),
(27, '3rd Year IT'),
(28, '4th Year IT');

-- --------------------------------------------------------

--
-- Table structure for table `class_quiz`
--

CREATE TABLE `class_quiz` (
  `class_quiz_id` int(11) NOT NULL,
  `teacher_class_id` int(11) NOT NULL,
  `quiz_time` int(11) NOT NULL,
  `quiz_id` int(11) NOT NULL
) ENGINE=InnoDB DEFAULT CHARSET=latin1 COLLATE=latin1_swedish_ci;

-- --------------------------------------------------------

--
-- Table structure for table `class_subject_overview`
--

CREATE TABLE `class_subject_overview` (
  `class_subject_overview_id` int(11) NOT NULL,
  `teacher_class_id` int(11) NOT NULL,
  `content` varchar(10000) NOT NULL
) ENGINE=InnoDB DEFAULT CHARSET=latin1 COLLATE=latin1_swedish_ci;

-- --------------------------------------------------------

--
-- Table structure for table `content`
--

CREATE TABLE `content` (
  `content_id` int(11) NOT NULL,
  `title` varchar(100) NOT NULL,
  `content` mediumtext NOT NULL
) ENGINE=InnoDB DEFAULT CHARSET=latin1 COLLATE=latin1_swedish_ci;

-- --------------------------------------------------------

--
-- Table structure for table `department`
--

CREATE TABLE `department` (
  `department_id` int(11) NOT NULL,
  `department_name` varchar(100) NOT NULL,
  `dean` varchar(100) NOT NULL
) ENGINE=InnoDB DEFAULT CHARSET=latin1 COLLATE=latin1_swedish_ci;

--
-- Dumping data for table `department`
--

INSERT INTO `department` (`department_id`, `department_name`, `dean`) VALUES
(4, 'CSE', 'Dr. Supriya Sawwashere'),
(5, 'IT', 'Prof. Mirza Baig');

-- --------------------------------------------------------

--
-- Table structure for table `event`
--

CREATE TABLE `event` (
  `event_id` int(11) NOT NULL,
  `event_title` varchar(100) NOT NULL,
  `teacher_class_id` int(11) NOT NULL,
  `date_start` varchar(100) NOT NULL,
  `date_end` varchar(100) NOT NULL
) ENGINE=InnoDB DEFAULT CHARSET=latin1 COLLATE=latin1_swedish_ci;

-- --------------------------------------------------------

--
-- Table structure for table `files`
--

CREATE TABLE `files` (
  `file_id` int(11) NOT NULL,
  `floc` varchar(500) NOT NULL,
  `fdatein` varchar(200) NOT NULL,
  `fdesc` varchar(100) NOT NULL,
  `teacher_id` int(11) NOT NULL,
  `class_id` int(11) NOT NULL,
  `fname` varchar(100) NOT NULL,
  `uploaded_by` varchar(100) NOT NULL
) ENGINE=MyISAM DEFAULT CHARSET=latin1 COLLATE=latin1_swedish_ci;

-- --------------------------------------------------------

--
-- Table structure for table `message`
--

CREATE TABLE `message` (
  `message_id` int(11) NOT NULL,
  `reciever_id` int(11) NOT NULL,
  `content` varchar(200) NOT NULL,
  `date_sended` varchar(100) NOT NULL,
  `sender_id` int(11) NOT NULL,
  `reciever_name` varchar(50) NOT NULL,
  `sender_name` varchar(200) NOT NULL,
  `message_status` varchar(100) NOT NULL
) ENGINE=InnoDB DEFAULT CHARSET=latin1 COLLATE=latin1_swedish_ci;

-- --------------------------------------------------------

--
-- Table structure for table `message_sent`
--

CREATE TABLE `message_sent` (
  `message_sent_id` int(11) NOT NULL,
  `reciever_id` int(11) NOT NULL,
  `content` varchar(200) NOT NULL,
  `date_sended` varchar(100) NOT NULL,
  `sender_id` int(11) NOT NULL,
  `reciever_name` varchar(100) NOT NULL,
  `sender_name` varchar(100) NOT NULL
) ENGINE=InnoDB DEFAULT CHARSET=latin1 COLLATE=latin1_swedish_ci;

-- --------------------------------------------------------

--
-- Table structure for table `notification`
--

CREATE TABLE `notification` (
  `notification_id` int(11) NOT NULL,
  `teacher_class_id` int(11) NOT NULL,
  `notification` varchar(100) NOT NULL,
  `date_of_notification` varchar(50) NOT NULL,
  `link` varchar(100) NOT NULL
) ENGINE=InnoDB DEFAULT CHARSET=latin1 COLLATE=latin1_swedish_ci;

-- --------------------------------------------------------

--
-- Table structure for table `notification_read`
--

CREATE TABLE `notification_read` (
  `notification_read_id` int(11) NOT NULL,
  `student_id` int(11) NOT NULL,
  `student_read` varchar(50) NOT NULL,
  `notification_id` int(11) NOT NULL
) ENGINE=InnoDB DEFAULT CHARSET=latin1 COLLATE=latin1_swedish_ci;

-- --------------------------------------------------------

--
-- Table structure for table `notification_read_teacher`
--

CREATE TABLE `notification_read_teacher` (
  `notification_read_teacher_id` int(11) NOT NULL,
  `teacher_id` int(11) NOT NULL,
  `student_read` varchar(100) NOT NULL,
  `notification_id` int(11) NOT NULL
) ENGINE=InnoDB DEFAULT CHARSET=latin1 COLLATE=latin1_swedish_ci;

-- --------------------------------------------------------

--
-- Table structure for table `question_type`
--

CREATE TABLE `question_type` (
  `question_type_id` int(11) NOT NULL,
  `question_type` varchar(150) NOT NULL
) ENGINE=MyISAM DEFAULT CHARSET=latin1 COLLATE=latin1_swedish_ci;

--
-- Dumping data for table `question_type`
--

INSERT INTO `question_type` (`question_type_id`, `question_type`) VALUES
(1, 'Multiple Choice'),
(2, 'True or False');

-- --------------------------------------------------------

--
-- Table structure for table `quiz`
--

CREATE TABLE `quiz` (
  `quiz_id` int(11) NOT NULL,
  `quiz_title` varchar(50) NOT NULL,
  `quiz_description` varchar(100) NOT NULL,
  `date_added` varchar(100) NOT NULL,
  `teacher_id` int(11) NOT NULL
) ENGINE=InnoDB DEFAULT CHARSET=latin1 COLLATE=latin1_swedish_ci;

-- --------------------------------------------------------

--
-- Table structure for table `quiz_question`
--

CREATE TABLE `quiz_question` (
  `quiz_question_id` int(11) NOT NULL,
  `quiz_id` int(11) NOT NULL,
  `question_text` varchar(100) NOT NULL,
  `question_type_id` int(11) NOT NULL,
  `points` int(11) NOT NULL,
  `date_added` varchar(100) NOT NULL,
  `answer` varchar(100) NOT NULL
) ENGINE=InnoDB DEFAULT CHARSET=latin1 COLLATE=latin1_swedish_ci;

-- --------------------------------------------------------

--
-- Table structure for table `school_year`
--

CREATE TABLE `school_year` (
  `school_year_id` int(11) NOT NULL,
  `school_year` varchar(100) NOT NULL
) ENGINE=InnoDB DEFAULT CHARSET=latin1 COLLATE=latin1_swedish_ci;

--
-- Dumping data for table `school_year`
--

INSERT INTO `school_year` (`school_year_id`, `school_year`) VALUES
(2, '2022-2023');

-- --------------------------------------------------------

--
-- Table structure for table `student`
--

CREATE TABLE `student` (
  `student_id` int(11) NOT NULL,
  `firstname` varchar(100) NOT NULL,
  `lastname` varchar(100) NOT NULL,
  `class_id` int(11) NOT NULL,
  `username` varchar(100) NOT NULL,
  `password` varchar(100) NOT NULL,
  `location` varchar(100) NOT NULL,
  `status` varchar(100) NOT NULL
) ENGINE=MyISAM DEFAULT CHARSET=latin1 COLLATE=latin1_swedish_ci;

--
-- Dumping data for table `student`
--

INSERT INTO `student` (`student_id`, `firstname`, `lastname`, `class_id`, `username`, `password`, `location`, `status`) VALUES
(95, 'Simran', 'Bulkunde', 15, '05', '', 'uploads/NO-IMAGE-AVAILABLE.jpg', 'Unregistered'),
(93, 'Ruchi ', 'Nagdeve', 15, '03', '1234', 'uploads/NO-IMAGE-AVAILABLE.jpg', 'Registered'),
(94, 'Toshal', 'Gabhane', 15, '04', '', 'uploads/NO-IMAGE-AVAILABLE.jpg', 'Unregistered'),
(76, 'Priyanshu', 'Ramteke', 15, '02', '1234', 'uploads/NO-IMAGE-AVAILABLE.jpg', 'Registered'),
(220, 'Sudarshan', 'Kapale', 28, '11', '1234', 'uploads/NO-IMAGE-AVAILABLE.jpg', 'Registered'),
(221, 'Prachi', 'Meshram', 28, '12', '', 'uploads/NO-IMAGE-AVAILABLE.jpg', 'Unregistered'),
(222, 'Punam', 'Patel', 28, '13', '', 'uploads/NO-IMAGE-AVAILABLE.jpg', 'Unregistered'),
(96, 'Harsh', 'Dhoke', 15, '06', '', 'uploads/NO-IMAGE-AVAILABLE.jpg', 'Unregistered'),
(75, 'Vaibhav', 'Mate', 15, '01', '1234', 'uploads/NO-IMAGE-AVAILABLE.jpg', 'Registered'),
(223, 'Krishna', 'Mate', 28, '14', '', 'uploads/NO-IMAGE-AVAILABLE.jpg', 'Unregistered');

-- --------------------------------------------------------

--
-- Table structure for table `student_assignment`
--

CREATE TABLE `student_assignment` (
  `student_assignment_id` int(11) NOT NULL,
  `assignment_id` int(11) NOT NULL,
  `floc` varchar(100) NOT NULL,
  `assignment_fdatein` varchar(50) NOT NULL,
  `fdesc` varchar(100) NOT NULL,
  `fname` varchar(50) NOT NULL,
  `student_id` int(11) NOT NULL,
  `grade` varchar(5) NOT NULL
) ENGINE=InnoDB DEFAULT CHARSET=latin1 COLLATE=latin1_swedish_ci;

--
-- Dumping data for table `student_assignment`
--

INSERT INTO `student_assignment` (`student_assignment_id`, `assignment_id`, `floc`, `assignment_fdatein`, `fdesc`, `fname`, `student_id`, `grade`) VALUES
(1, 31, 'admin/uploads/7820_File_sample.pdf', '2020-12-21 10:12:04', 'aaa', 'asdasd', 219, '');

-- --------------------------------------------------------

--
-- Table structure for table `student_backpack`
--

CREATE TABLE `student_backpack` (
  `file_id` int(11) NOT NULL,
  `floc` varchar(100) NOT NULL,
  `fdatein` varchar(100) NOT NULL,
  `fdesc` varchar(100) NOT NULL,
  `student_id` int(11) NOT NULL,
  `fname` varchar(100) NOT NULL
) ENGINE=InnoDB DEFAULT CHARSET=latin1 COLLATE=latin1_swedish_ci;

-- --------------------------------------------------------

--
-- Table structure for table `student_class_quiz`
--

CREATE TABLE `student_class_quiz` (
  `student_class_quiz_id` int(11) NOT NULL,
  `class_quiz_id` int(11) NOT NULL,
  `student_id` int(11) NOT NULL,
  `student_quiz_time` varchar(100) NOT NULL,
  `grade` varchar(100) NOT NULL
) ENGINE=InnoDB DEFAULT CHARSET=latin1 COLLATE=latin1_swedish_ci;

-- --------------------------------------------------------

--
-- Table structure for table `subject`
--

CREATE TABLE `subject` (
  `subject_id` int(11) NOT NULL,
  `subject_code` varchar(100) NOT NULL,
  `subject_title` varchar(100) NOT NULL,
  `category` varchar(100) NOT NULL,
  `description` longtext NOT NULL,
  `unit` int(11) NOT NULL,
  `Pre_req` varchar(100) NOT NULL,
  `semester` varchar(100) NOT NULL
) ENGINE=MyISAM DEFAULT CHARSET=latin1 COLLATE=latin1_swedish_ci;

--
-- Dumping data for table `subject`
--

INSERT INTO `subject` (`subject_id`, `subject_code`, `subject_title`, `category`, `description`, `unit`, `Pre_req`, `semester`) VALUES
(14, 'CS001', 'Cloud Computing', '', '', 5, '', ''),
(15, 'CS002', 'Data Science', '', '', 5, '', ''),
(16, 'IT002', 'Cyber Security & Cryptography', '', '', 5, '', ''),
(17, 'IT001', 'Big Data', '', '', 5, '', '');

-- --------------------------------------------------------

--
-- Table structure for table `teacher`
--

CREATE TABLE `teacher` (
  `teacher_id` int(11) NOT NULL,
  `username` varchar(100) NOT NULL,
  `password` varchar(200) NOT NULL,
  `firstname` varchar(100) NOT NULL,
  `lastname` varchar(100) NOT NULL,
  `department_id` int(11) NOT NULL,
  `location` varchar(200) NOT NULL,
  `about` varchar(500) NOT NULL,
  `teacher_status` varchar(20) NOT NULL,
  `teacher_stat` varchar(100) NOT NULL
) ENGINE=MyISAM DEFAULT CHARSET=latin1 COLLATE=latin1_swedish_ci;

--
-- Dumping data for table `teacher`
--

INSERT INTO `teacher` (`teacher_id`, `username`, `password`, `firstname`, `lastname`, `department_id`, `location`, `about`, `teacher_status`, `teacher_stat`) VALUES
(9, '101', '1234', 'Deepali', 'Pethe', 4, 'uploads/female-school-teacher-9707714.jpg', '', 'Registered', 'Deactivated'),
(22, '104', '1234', 'Kiran', 'Prajapati', 5, 'uploads/NO-IMAGE-AVAILABLE.jpg', '', 'Registered', ''),
(21, '103', '1234', 'Chetan', 'Padole', 5, 'uploads/NO-IMAGE-AVAILABLE.jpg', '', 'Registered', ''),
(20, '102', '1234', 'Umesh', 'Lanjewar', 4, 'uploads/NO-IMAGE-AVAILABLE.jpg', '', 'Registered', '');

-- --------------------------------------------------------

--
-- Table structure for table `teacher_backpack`
--

CREATE TABLE `teacher_backpack` (
  `file_id` int(11) NOT NULL,
  `floc` varchar(100) NOT NULL,
  `fdatein` varchar(100) NOT NULL,
  `fdesc` varchar(100) NOT NULL,
  `teacher_id` int(11) NOT NULL,
  `fname` varchar(100) NOT NULL
) ENGINE=InnoDB DEFAULT CHARSET=latin1 COLLATE=latin1_swedish_ci;

-- --------------------------------------------------------

--
-- Table structure for table `teacher_class`
--

CREATE TABLE `teacher_class` (
  `teacher_class_id` int(11) NOT NULL,
  `teacher_id` int(11) NOT NULL,
  `class_id` int(11) NOT NULL,
  `subject_id` int(11) NOT NULL,
  `thumbnails` varchar(100) NOT NULL,
  `school_year` varchar(100) NOT NULL
) ENGINE=InnoDB DEFAULT CHARSET=latin1 COLLATE=latin1_swedish_ci;

--
-- Dumping data for table `teacher_class`
--

INSERT INTO `teacher_class` (`teacher_class_id`, `teacher_id`, `class_id`, `subject_id`, `thumbnails`, `school_year`) VALUES
(1, 9, 15, 14, 'admin/uploads/thumbnails.jpg', '2022-2023'),
(2, 20, 15, 17, 'admin/uploads/thumbnails.jpg', '2022-2023'),
(5, 76, 15, 17, 'admin/uploads/thumbnails.jpg', '2022-2023'),
(6, 21, 28, 17, 'admin/uploads/thumbnails.jpg', '2022-2023'),
(7, 9, 15, 15, 'admin/uploads/thumbnails.jpg', '2022-2023'),
(8, 22, 28, 17, 'admin/uploads/thumbnails.jpg', '2022-2023');

-- --------------------------------------------------------

--
-- Table structure for table `teacher_class_announcements`
--

CREATE TABLE `teacher_class_announcements` (
  `teacher_class_announcements_id` int(11) NOT NULL,
  `content` varchar(500) NOT NULL,
  `teacher_id` varchar(100) NOT NULL,
  `teacher_class_id` int(11) NOT NULL,
  `date` varchar(50) NOT NULL
) ENGINE=InnoDB DEFAULT CHARSET=latin1 COLLATE=latin1_swedish_ci;

-- --------------------------------------------------------

--
-- Table structure for table `teacher_class_student`
--

CREATE TABLE `teacher_class_student` (
  `teacher_class_student_id` int(11) NOT NULL,
  `teacher_class_id` int(11) NOT NULL,
  `student_id` int(11) NOT NULL,
  `teacher_id` int(11) NOT NULL
) ENGINE=InnoDB DEFAULT CHARSET=latin1 COLLATE=latin1_swedish_ci;

--
-- Dumping data for table `teacher_class_student`
--

INSERT INTO `teacher_class_student` (`teacher_class_student_id`, `teacher_class_id`, `student_id`, `teacher_id`) VALUES
(1, 1, 95, 9),
(2, 1, 93, 9),
(3, 1, 94, 9),
(4, 1, 76, 9),
(5, 1, 96, 9),
(6, 1, 75, 9),
(7, 2, 95, 20),
(8, 2, 93, 20),
(9, 2, 94, 20),
(10, 2, 76, 20),
(11, 2, 96, 20),
(12, 2, 75, 20),
(25, 5, 95, 76),
(26, 5, 93, 76),
(27, 5, 94, 76),
(28, 5, 76, 76),
(29, 5, 96, 76),
(30, 5, 75, 76),
(31, 6, 220, 21),
(32, 7, 95, 9),
(33, 7, 93, 9),
(34, 7, 94, 9),
(35, 7, 76, 9),
(36, 7, 96, 9),
(37, 7, 75, 9),
(38, 8, 220, 22);

-- --------------------------------------------------------

--
-- Table structure for table `teacher_notification`
--

CREATE TABLE `teacher_notification` (
  `teacher_notification_id` int(11) NOT NULL,
  `teacher_class_id` int(11) NOT NULL,
  `notification` varchar(100) NOT NULL,
  `date_of_notification` varchar(100) NOT NULL,
  `link` varchar(100) NOT NULL,
  `student_id` int(11) NOT NULL,
  `assignment_id` int(11) NOT NULL
) ENGINE=InnoDB DEFAULT CHARSET=latin1 COLLATE=latin1_swedish_ci;

-- --------------------------------------------------------

--
-- Table structure for table `teacher_shared`
--

CREATE TABLE `teacher_shared` (
  `teacher_shared_id` int(11) NOT NULL,
  `teacher_id` int(11) NOT NULL,
  `shared_teacher_id` int(11) NOT NULL,
  `floc` varchar(100) NOT NULL,
  `fdatein` varchar(100) NOT NULL,
  `fdesc` varchar(100) NOT NULL,
  `fname` varchar(100) NOT NULL
) ENGINE=InnoDB DEFAULT CHARSET=latin1 COLLATE=latin1_swedish_ci;

-- --------------------------------------------------------

--
-- Table structure for table `users`
--

CREATE TABLE `users` (
  `user_id` int(11) NOT NULL,
  `username` varchar(100) NOT NULL,
  `password` varchar(100) NOT NULL,
  `firstname` varchar(100) NOT NULL,
  `lastname` varchar(100) NOT NULL
) ENGINE=InnoDB DEFAULT CHARSET=latin1 COLLATE=latin1_swedish_ci;

--
-- Dumping data for table `users`
--

INSERT INTO `users` (`user_id`, `username`, `password`, `firstname`, `lastname`) VALUES
(13, 'suhag', 'admin', 'Suhag', 'Mohinkar'),
(14, 'musharraf', 'admin', 'Musharraf', 'Ashhar'),
(15, 'asit', 'admin', 'Asit', 'Waghmare'),
(16, 'mrunali', 'admin', 'Mrunali', 'Porete');

-- --------------------------------------------------------

--
-- Table structure for table `user_log`
--

CREATE TABLE `user_log` (
  `user_log_id` int(11) NOT NULL,
  `username` varchar(25) NOT NULL,
  `login_date` varchar(30) NOT NULL,
  `logout_date` varchar(30) NOT NULL,
  `user_id` int(11) NOT NULL
) ENGINE=InnoDB DEFAULT CHARSET=latin1 COLLATE=latin1_swedish_ci;

--
-- Dumping data for table `user_log`
--

INSERT INTO `user_log` (`user_log_id`, `username`, `login_date`, `logout_date`, `user_id`) VALUES
(1, 'suhag', '2023-03-27 14:33:11', '', 13),
(2, 'suhag', '2023-03-27 14:55:59', '', 13);

--
-- Indexes for dumped tables
--

--
-- Indexes for table `activity_log`
--
ALTER TABLE `activity_log`
  ADD PRIMARY KEY (`activity_log_id`);

--
-- Indexes for table `answer`
--
ALTER TABLE `answer`
  ADD PRIMARY KEY (`answer_id`);

--
-- Indexes for table `assignment`
--
ALTER TABLE `assignment`
  ADD PRIMARY KEY (`assignment_id`);

--
-- Indexes for table `class`
--
ALTER TABLE `class`
  ADD PRIMARY KEY (`class_id`);

--
-- Indexes for table `class_quiz`
--
ALTER TABLE `class_quiz`
  ADD PRIMARY KEY (`class_quiz_id`);

--
-- Indexes for table `class_subject_overview`
--
ALTER TABLE `class_subject_overview`
  ADD PRIMARY KEY (`class_subject_overview_id`);

--
-- Indexes for table `content`
--
ALTER TABLE `content`
  ADD PRIMARY KEY (`content_id`);

--
-- Indexes for table `department`
--
ALTER TABLE `department`
  ADD PRIMARY KEY (`department_id`);

--
-- Indexes for table `event`
--
ALTER TABLE `event`
  ADD PRIMARY KEY (`event_id`);

--
-- Indexes for table `files`
--
ALTER TABLE `files`
  ADD PRIMARY KEY (`file_id`);

--
-- Indexes for table `message`
--
ALTER TABLE `message`
  ADD PRIMARY KEY (`message_id`);

--
-- Indexes for table `message_sent`
--
ALTER TABLE `message_sent`
  ADD PRIMARY KEY (`message_sent_id`);

--
-- Indexes for table `notification`
--
ALTER TABLE `notification`
  ADD PRIMARY KEY (`notification_id`);

--
-- Indexes for table `notification_read`
--
ALTER TABLE `notification_read`
  ADD PRIMARY KEY (`notification_read_id`);

--
-- Indexes for table `notification_read_teacher`
--
ALTER TABLE `notification_read_teacher`
  ADD PRIMARY KEY (`notification_read_teacher_id`);

--
-- Indexes for table `question_type`
--
ALTER TABLE `question_type`
  ADD PRIMARY KEY (`question_type_id`);

--
-- Indexes for table `quiz`
--
ALTER TABLE `quiz`
  ADD PRIMARY KEY (`quiz_id`);

--
-- Indexes for table `quiz_question`
--
ALTER TABLE `quiz_question`
  ADD PRIMARY KEY (`quiz_question_id`);

--
-- Indexes for table `school_year`
--
ALTER TABLE `school_year`
  ADD PRIMARY KEY (`school_year_id`);

--
-- Indexes for table `student`
--
ALTER TABLE `student`
  ADD PRIMARY KEY (`student_id`);

--
-- Indexes for table `student_assignment`
--
ALTER TABLE `student_assignment`
  ADD PRIMARY KEY (`student_assignment_id`);

--
-- Indexes for table `student_backpack`
--
ALTER TABLE `student_backpack`
  ADD PRIMARY KEY (`file_id`);

--
-- Indexes for table `student_class_quiz`
--
ALTER TABLE `student_class_quiz`
  ADD PRIMARY KEY (`student_class_quiz_id`);

--
-- Indexes for table `subject`
--
ALTER TABLE `subject`
  ADD PRIMARY KEY (`subject_id`);

--
-- Indexes for table `teacher`
--
ALTER TABLE `teacher`
  ADD PRIMARY KEY (`teacher_id`);

--
-- Indexes for table `teacher_backpack`
--
ALTER TABLE `teacher_backpack`
  ADD PRIMARY KEY (`file_id`);

--
-- Indexes for table `teacher_class`
--
ALTER TABLE `teacher_class`
  ADD PRIMARY KEY (`teacher_class_id`);

--
-- Indexes for table `teacher_class_announcements`
--
ALTER TABLE `teacher_class_announcements`
  ADD PRIMARY KEY (`teacher_class_announcements_id`);

--
-- Indexes for table `teacher_class_student`
--
ALTER TABLE `teacher_class_student`
  ADD PRIMARY KEY (`teacher_class_student_id`);

--
-- Indexes for table `teacher_notification`
--
ALTER TABLE `teacher_notification`
  ADD PRIMARY KEY (`teacher_notification_id`);

--
-- Indexes for table `teacher_shared`
--
ALTER TABLE `teacher_shared`
  ADD PRIMARY KEY (`teacher_shared_id`);

--
-- Indexes for table `users`
--
ALTER TABLE `users`
  ADD PRIMARY KEY (`user_id`);

--
-- Indexes for table `user_log`
--
ALTER TABLE `user_log`
  ADD PRIMARY KEY (`user_log_id`);

--
-- AUTO_INCREMENT for dumped tables
--

--
-- AUTO_INCREMENT for table `activity_log`
--
ALTER TABLE `activity_log`
  MODIFY `activity_log_id` int(11) NOT NULL AUTO_INCREMENT, AUTO_INCREMENT=3;

--
-- AUTO_INCREMENT for table `answer`
--
ALTER TABLE `answer`
  MODIFY `answer_id` int(11) NOT NULL AUTO_INCREMENT;

--
-- AUTO_INCREMENT for table `assignment`
--
ALTER TABLE `assignment`
  MODIFY `assignment_id` int(11) NOT NULL AUTO_INCREMENT;

--
-- AUTO_INCREMENT for table `class`
--
ALTER TABLE `class`
  MODIFY `class_id` int(11) NOT NULL AUTO_INCREMENT, AUTO_INCREMENT=29;

--
-- AUTO_INCREMENT for table `class_quiz`
--
ALTER TABLE `class_quiz`
  MODIFY `class_quiz_id` int(11) NOT NULL AUTO_INCREMENT;

--
-- AUTO_INCREMENT for table `class_subject_overview`
--
ALTER TABLE `class_subject_overview`
  MODIFY `class_subject_overview_id` int(11) NOT NULL AUTO_INCREMENT, AUTO_INCREMENT=2;

--
-- AUTO_INCREMENT for table `content`
--
ALTER TABLE `content`
  MODIFY `content_id` int(11) NOT NULL AUTO_INCREMENT;

--
-- AUTO_INCREMENT for table `department`
--
ALTER TABLE `department`
  MODIFY `department_id` int(11) NOT NULL AUTO_INCREMENT, AUTO_INCREMENT=14;

--
-- AUTO_INCREMENT for table `event`
--
ALTER TABLE `event`
  MODIFY `event_id` int(11) NOT NULL AUTO_INCREMENT;

--
-- AUTO_INCREMENT for table `files`
--
ALTER TABLE `files`
  MODIFY `file_id` int(11) NOT NULL AUTO_INCREMENT;

--
-- AUTO_INCREMENT for table `message`
--
ALTER TABLE `message`
  MODIFY `message_id` int(11) NOT NULL AUTO_INCREMENT;

--
-- AUTO_INCREMENT for table `message_sent`
--
ALTER TABLE `message_sent`
  MODIFY `message_sent_id` int(11) NOT NULL AUTO_INCREMENT;

--
-- AUTO_INCREMENT for table `notification`
--
ALTER TABLE `notification`
  MODIFY `notification_id` int(11) NOT NULL AUTO_INCREMENT;

--
-- AUTO_INCREMENT for table `notification_read`
--
ALTER TABLE `notification_read`
  MODIFY `notification_read_id` int(11) NOT NULL AUTO_INCREMENT;

--
-- AUTO_INCREMENT for table `notification_read_teacher`
--
ALTER TABLE `notification_read_teacher`
  MODIFY `notification_read_teacher_id` int(11) NOT NULL AUTO_INCREMENT;

--
-- AUTO_INCREMENT for table `quiz`
--
ALTER TABLE `quiz`
  MODIFY `quiz_id` int(11) NOT NULL AUTO_INCREMENT;

--
-- AUTO_INCREMENT for table `quiz_question`
--
ALTER TABLE `quiz_question`
  MODIFY `quiz_question_id` int(11) NOT NULL AUTO_INCREMENT;

--
-- AUTO_INCREMENT for table `school_year`
--
ALTER TABLE `school_year`
  MODIFY `school_year_id` int(11) NOT NULL AUTO_INCREMENT, AUTO_INCREMENT=4;

--
-- AUTO_INCREMENT for table `student`
--
ALTER TABLE `student`
  MODIFY `student_id` int(11) NOT NULL AUTO_INCREMENT, AUTO_INCREMENT=224;

--
-- AUTO_INCREMENT for table `student_assignment`
--
ALTER TABLE `student_assignment`
  MODIFY `student_assignment_id` int(11) NOT NULL AUTO_INCREMENT, AUTO_INCREMENT=2;

--
-- AUTO_INCREMENT for table `student_backpack`
--
ALTER TABLE `student_backpack`
  MODIFY `file_id` int(11) NOT NULL AUTO_INCREMENT;

--
-- AUTO_INCREMENT for table `student_class_quiz`
--
ALTER TABLE `student_class_quiz`
  MODIFY `student_class_quiz_id` int(11) NOT NULL AUTO_INCREMENT;

--
-- AUTO_INCREMENT for table `subject`
--
ALTER TABLE `subject`
  MODIFY `subject_id` int(11) NOT NULL AUTO_INCREMENT, AUTO_INCREMENT=43;

--
-- AUTO_INCREMENT for table `teacher`
--
ALTER TABLE `teacher`
  MODIFY `teacher_id` int(11) NOT NULL AUTO_INCREMENT, AUTO_INCREMENT=24;

--
-- AUTO_INCREMENT for table `teacher_backpack`
--
ALTER TABLE `teacher_backpack`
  MODIFY `file_id` int(11) NOT NULL AUTO_INCREMENT;

--
-- AUTO_INCREMENT for table `teacher_class`
--
ALTER TABLE `teacher_class`
  MODIFY `teacher_class_id` int(11) NOT NULL AUTO_INCREMENT, AUTO_INCREMENT=9;

--
-- AUTO_INCREMENT for table `teacher_class_announcements`
--
ALTER TABLE `teacher_class_announcements`
  MODIFY `teacher_class_announcements_id` int(11) NOT NULL AUTO_INCREMENT;

--
-- AUTO_INCREMENT for table `teacher_class_student`
--
ALTER TABLE `teacher_class_student`
  MODIFY `teacher_class_student_id` int(11) NOT NULL AUTO_INCREMENT, AUTO_INCREMENT=39;

--
-- AUTO_INCREMENT for table `teacher_notification`
--
ALTER TABLE `teacher_notification`
  MODIFY `teacher_notification_id` int(11) NOT NULL AUTO_INCREMENT;

--
-- AUTO_INCREMENT for table `teacher_shared`
--
ALTER TABLE `teacher_shared`
  MODIFY `teacher_shared_id` int(11) NOT NULL AUTO_INCREMENT, AUTO_INCREMENT=2;

--
-- AUTO_INCREMENT for table `users`
--
ALTER TABLE `users`
  MODIFY `user_id` int(11) NOT NULL AUTO_INCREMENT, AUTO_INCREMENT=17;

--
-- AUTO_INCREMENT for table `user_log`
--
ALTER TABLE `user_log`
  MODIFY `user_log_id` int(11) NOT NULL AUTO_INCREMENT, AUTO_INCREMENT=3;
COMMIT;

/*!40101 SET CHARACTER_SET_CLIENT=@OLD_CHARACTER_SET_CLIENT */;
/*!40101 SET CHARACTER_SET_RESULTS=@OLD_CHARACTER_SET_RESULTS */;
/*!40101 SET COLLATION_CONNECTION=@OLD_COLLATION_CONNECTION */;
